{
    "evaluation_metrics": {
        "loss": 0.629335343837738,
        "compile_metrics": 0.9837837815284729
    },
    "classification_report": {
        "Apple": {
            "precision": 0.9354838709677419,
            "recall": 1.0,
            "f1-score": 0.9666666666666667,
            "support": 29.0
        },
        "Bell_pepper": {
            "precision": 0.9884615384615385,
            "recall": 0.9884615384615385,
            "f1-score": 0.9884615384615385,
            "support": 260.0
        },
        "Cherry": {
            "precision": 1.0,
            "recall": 1.0,
            "f1-score": 1.0,
            "support": 6.0
        },
        "Corn": {
            "precision": 0.9743589743589743,
            "recall": 1.0,
            "f1-score": 0.987012987012987,
            "support": 38.0
        },
        "Grape": {
            "precision": 0.9411764705882353,
            "recall": 1.0,
            "f1-score": 0.9696969696969697,
            "support": 16.0
        },
        "Peach": {
            "precision": 1.0,
            "recall": 0.9166666666666666,
            "f1-score": 0.9565217391304348,
            "support": 12.0
        },
        "Potato": {
            "precision": 0.9877049180327869,
            "recall": 0.9488188976377953,
            "f1-score": 0.9678714859437751,
            "support": 254.0
        },
        "Raspberry": {
            "precision": 0.9230769230769231,
            "recall": 1.0,
            "f1-score": 0.96,
            "support": 12.0
        },
        "Soyabean": {
            "precision": 0.7777777777777778,
            "recall": 1.0,
            "f1-score": 0.875,
            "support": 7.0
        },
        "Strawberry": {
            "precision": 0.9090909090909091,
            "recall": 1.0,
            "f1-score": 0.9523809523809523,
            "support": 10.0
        },
        "Tomato": {
            "precision": 0.9873046875,
            "recall": 0.990205680705191,
            "f1-score": 0.9887530562347189,
            "support": 1021.0
        },
        "accuracy": 0.9837837837837838,
        "macro avg": {
            "precision": 0.9476760063504442,
            "recall": 0.9858320712246538,
            "f1-score": 0.9647604905025493,
            "support": 1665.0
        },
        "weighted avg": {
            "precision": 0.984228773899833,
            "recall": 0.9837837837837838,
            "f1-score": 0.983818784740973,
            "support": 1665.0
        }
    },
    "confusion_matrix": [
        [
            29,
            0,
            0,
            0,
            0,
            0,
            0,
            0,
            0,
            0,
            0
        ],
        [
            0,
            257,
            0,
            0,
            0,
            0,
            0,
            0,
            1,
            0,
            2
        ],
        [
            0,
            0,
            6,
            0,
            0,
            0,
            0,
            0,
            0,
            0,
            0
        ],
        [
            0,
            0,
            0,
            38,
            0,
            0,
            0,
            0,
            0,
            0,
            0
        ],
        [
            0,
            0,
            0,
            0,
            16,
            0,
            0,
            0,
            0,
            0,
            0
        ],
        [
            0,
            1,
            0,
            0,
            0,
            11,
            0,
            0,
            0,
            0,
            0
        ],
        [
            1,
            1,
            0,
            0,
            0,
            0,
            241,
            0,
            0,
            0,
            11
        ],
        [
            0,
            0,
            0,
            0,
            0,
            0,
            0,
            12,
            0,
            0,
            0
        ],
        [
            0,
            0,
            0,
            0,
            0,
            0,
            0,
            0,
            7,
            0,
            0
        ],
        [
            0,
            0,
            0,
            0,
            0,
            0,
            0,
            0,
            0,
            10,
            0
        ],
        [
            1,
            1,
            0,
            1,
            1,
            0,
            3,
            1,
            1,
            1,
            1011
        ]
    ],
    "class_names": [
        "Apple",
        "Bell_pepper",
        "Cherry",
        "Corn",
        "Grape",
        "Peach",
        "Potato",
        "Raspberry",
        "Soyabean",
        "Strawberry",
        "Tomato"
    ]
}